1,1805010301,http://keiba.yahoo.co.jp/search/race/?sy=2018&sm=2&ey=2018&em=2&gr=&b=&x=&z=&mnd=&mxd=&hid=&p=1&sidx=race_date&dir=1,https://keiba.yahoo.co.jp/race/result/1805010301/,2018/2/3
1,1805010302,http://keiba.yahoo.co.jp/search/race/?sy=2018&sm=2&ey=2018&em=2&gr=&b=&x=&z=&mnd=&mxd=&hid=&p=1&sidx=race_date&dir=1,https://keiba.yahoo.co.jp/race/result/1805010302/,2018/2/3
1,1805010303,http://keiba.yahoo.co.jp/search/race/?sy=2018&sm=2&ey=2018&em=2&gr=&b=&x=&z=&mnd=&mxd=&hid=&p=1&sidx=race_date&dir=1,https://keiba.yahoo.co.jp/race/result/1805010303/,2018/2/3
1,1805010304,http://keiba.yahoo.co.jp/search/race/?sy=2018&sm=2&ey=2018&em=2&gr=&b=&x=&z=&mnd=&mxd=&hid=&p=1&sidx=race_date&dir=1,https://keiba.yahoo.co.jp/race/result/1805010304/,2018/2/3
1,1805010305,http://keiba.yahoo.co.jp/search/race/?sy=2018&sm=2&ey=2018&em=2&gr=&b=&x=&z=&mnd=&mxd=&hid=&p=1&sidx=race_date&dir=1,https://keiba.yahoo.co.jp/race/result/1805010305/,2018/2/3
1,1805010306,http://keiba.yahoo.co.jp/search/race/?sy=2018&sm=2&ey=2018&em=2&gr=&b=&x=&z=&mnd=&mxd=&hid=&p=1&sidx=race_date&dir=1,https://keiba.yahoo.co.jp/race/result/1805010306/,2018/2/3
1,1805010307,http://keiba.yahoo.co.jp/search/race/?sy=2018&sm=2&ey=2018&em=2&gr=&b=&x=&z=&mnd=&mxd=&hid=&p=1&sidx=race_date&dir=1,https://keiba.yahoo.co.jp/race/result/1805010307/,2018/2/3
1,1805010308,http://keiba.yahoo.co.jp/search/race/?sy=2018&sm=2&ey=2018&em=2&gr=&b=&x=&z=&mnd=&mxd=&hid=&p=1&sidx=race_date&dir=1,https://keiba.yahoo.co.jp/race/result/1805010308/,2018/2/3
1,1805010309,http://keiba.yahoo.co.jp/search/race/?sy=2018&sm=2&ey=2018&em=2&gr=&b=&x=&z=&mnd=&mxd=&hid=&p=1&sidx=race_date&dir=1,https://keiba.yahoo.co.jp/race/result/1805010309/,2018/2/3
1,1805010310,http://keiba.yahoo.co.jp/search/race/?sy=2018&sm=2&ey=2018&em=2&gr=&b=&x=&z=&mnd=&mxd=&hid=&p=1&sidx=race_date&dir=1,https://keiba.yahoo.co.jp/race/result/1805010310/,2018/2/3
1,1805010311,http://keiba.yahoo.co.jp/search/race/?sy=2018&sm=2&ey=2018&em=2&gr=&b=&x=&z=&mnd=&mxd=&hid=&p=1&sidx=race_date&dir=1,https://keiba.yahoo.co.jp/race/result/1805010311/,2018/2/3
1,1805010312,http://keiba.yahoo.co.jp/search/race/?sy=2018&sm=2&ey=2018&em=2&gr=&b=&x=&z=&mnd=&mxd=&hid=&p=1&sidx=race_date&dir=1,https://keiba.yahoo.co.jp/race/result/1805010312/,2018/2/3
1,1808020301,http://keiba.yahoo.co.jp/search/race/?sy=2018&sm=2&ey=2018&em=2&gr=&b=&x=&z=&mnd=&mxd=&hid=&p=1&sidx=race_date&dir=1,https://keiba.yahoo.co.jp/race/result/1808020301/,2018/2/3
1,1808020302,http://keiba.yahoo.co.jp/search/race/?sy=2018&sm=2&ey=2018&em=2&gr=&b=&x=&z=&mnd=&mxd=&hid=&p=1&sidx=race_date&dir=1,https://keiba.yahoo.co.jp/race/result/1808020302/,2018/2/3
1,1808020303,http://keiba.yahoo.co.jp/search/race/?sy=2018&sm=2&ey=2018&em=2&gr=&b=&x=&z=&mnd=&mxd=&hid=&p=1&sidx=race_date&dir=1,https://keiba.yahoo.co.jp/race/result/1808020303/,2018/2/3
1,1808020304,http://keiba.yahoo.co.jp/search/race/?sy=2018&sm=2&ey=2018&em=2&gr=&b=&x=&z=&mnd=&mxd=&hid=&p=1&sidx=race_date&dir=1,https://keiba.yahoo.co.jp/race/result/1808020304/,2018/2/3
1,1808020305,http://keiba.yahoo.co.jp/search/race/?sy=2018&sm=2&ey=2018&em=2&gr=&b=&x=&z=&mnd=&mxd=&hid=&p=1&sidx=race_date&dir=1,https://keiba.yahoo.co.jp/race/result/1808020305/,2018/2/3
1,1808020306,http://keiba.yahoo.co.jp/search/race/?sy=2018&sm=2&ey=2018&em=2&gr=&b=&x=&z=&mnd=&mxd=&hid=&p=1&sidx=race_date&dir=1,https://keiba.yahoo.co.jp/race/result/1808020306/,2018/2/3
1,1808020307,http://keiba.yahoo.co.jp/search/race/?sy=2018&sm=2&ey=2018&em=2&gr=&b=&x=&z=&mnd=&mxd=&hid=&p=1&sidx=race_date&dir=1,https://keiba.yahoo.co.jp/race/result/1808020307/,2018/2/3
1,1808020308,http://keiba.yahoo.co.jp/search/race/?sy=2018&sm=2&ey=2018&em=2&gr=&b=&x=&z=&mnd=&mxd=&hid=&p=1&sidx=race_date&dir=1,https://keiba.yahoo.co.jp/race/result/1808020308/,2018/2/3
1,1808020309,http://keiba.yahoo.co.jp/search/race/?sy=2018&sm=2&ey=2018&em=2&gr=&b=&x=&z=&mnd=&mxd=&hid=&p=1&sidx=race_date&dir=1,https://keiba.yahoo.co.jp/race/result/1808020309/,2018/2/3
1,1808020310,http://keiba.yahoo.co.jp/search/race/?sy=2018&sm=2&ey=2018&em=2&gr=&b=&x=&z=&mnd=&mxd=&hid=&p=1&sidx=race_date&dir=1,https://keiba.yahoo.co.jp/race/result/1808020310/,2018/2/3
1,1808020311,http://keiba.yahoo.co.jp/search/race/?sy=2018&sm=2&ey=2018&em=2&gr=&b=&x=&z=&mnd=&mxd=&hid=&p=1&sidx=race_date&dir=1,https://keiba.yahoo.co.jp/race/result/1808020311/,2018/2/3
1,1808020312,http://keiba.yahoo.co.jp/search/race/?sy=2018&sm=2&ey=2018&em=2&gr=&b=&x=&z=&mnd=&mxd=&hid=&p=1&sidx=race_date&dir=1,https://keiba.yahoo.co.jp/race/result/1808020312/,2018/2/3
1,1805010401,http://keiba.yahoo.co.jp/search/race/?sy=2018&sm=2&ey=2018&em=2&gr=&b=&x=&z=&mnd=&mxd=&hid=&p=1&sidx=race_date&dir=1,https://keiba.yahoo.co.jp/race/result/1805010401/,2018/2/4
2,1805010402,http://keiba.yahoo.co.jp/search/race/?sy=2018&sm=2&ey=2018&em=2&gr=&b=&x=&z=&mnd=&mxd=&hid=&p=2&sidx=race_date&dir=1,https://keiba.yahoo.co.jp/race/result/1805010402/,2018/2/4
2,1805010403,http://keiba.yahoo.co.jp/search/race/?sy=2018&sm=2&ey=2018&em=2&gr=&b=&x=&z=&mnd=&mxd=&hid=&p=2&sidx=race_date&dir=1,https://keiba.yahoo.co.jp/race/result/1805010403/,2018/2/4
2,1805010404,http://keiba.yahoo.co.jp/search/race/?sy=2018&sm=2&ey=2018&em=2&gr=&b=&x=&z=&mnd=&mxd=&hid=&p=2&sidx=race_date&dir=1,https://keiba.yahoo.co.jp/race/result/1805010404/,2018/2/4
2,1805010405,http://keiba.yahoo.co.jp/search/race/?sy=2018&sm=2&ey=2018&em=2&gr=&b=&x=&z=&mnd=&mxd=&hid=&p=2&sidx=race_date&dir=1,https://keiba.yahoo.co.jp/race/result/1805010405/,2018/2/4
2,1805010406,http://keiba.yahoo.co.jp/search/race/?sy=2018&sm=2&ey=2018&em=2&gr=&b=&x=&z=&mnd=&mxd=&hid=&p=2&sidx=race_date&dir=1,https://keiba.yahoo.co.jp/race/result/1805010406/,2018/2/4
2,1805010407,http://keiba.yahoo.co.jp/search/race/?sy=2018&sm=2&ey=2018&em=2&gr=&b=&x=&z=&mnd=&mxd=&hid=&p=2&sidx=race_date&dir=1,https://keiba.yahoo.co.jp/race/result/1805010407/,2018/2/4
2,1805010408,http://keiba.yahoo.co.jp/search/race/?sy=2018&sm=2&ey=2018&em=2&gr=&b=&x=&z=&mnd=&mxd=&hid=&p=2&sidx=race_date&dir=1,https://keiba.yahoo.co.jp/race/result/1805010408/,2018/2/4
2,1805010409,http://keiba.yahoo.co.jp/search/race/?sy=2018&sm=2&ey=2018&em=2&gr=&b=&x=&z=&mnd=&mxd=&hid=&p=2&sidx=race_date&dir=1,https://keiba.yahoo.co.jp/race/result/1805010409/,2018/2/4
2,1805010410,http://keiba.yahoo.co.jp/search/race/?sy=2018&sm=2&ey=2018&em=2&gr=&b=&x=&z=&mnd=&mxd=&hid=&p=2&sidx=race_date&dir=1,https://keiba.yahoo.co.jp/race/result/1805010410/,2018/2/4
2,1805010411,http://keiba.yahoo.co.jp/search/race/?sy=2018&sm=2&ey=2018&em=2&gr=&b=&x=&z=&mnd=&mxd=&hid=&p=2&sidx=race_date&dir=1,https://keiba.yahoo.co.jp/race/result/1805010411/,2018/2/4
2,1805010412,http://keiba.yahoo.co.jp/search/race/?sy=2018&sm=2&ey=2018&em=2&gr=&b=&x=&z=&mnd=&mxd=&hid=&p=2&sidx=race_date&dir=1,https://keiba.yahoo.co.jp/race/result/1805010412/,2018/2/4
2,1808020401,http://keiba.yahoo.co.jp/search/race/?sy=2018&sm=2&ey=2018&em=2&gr=&b=&x=&z=&mnd=&mxd=&hid=&p=2&sidx=race_date&dir=1,https://keiba.yahoo.co.jp/race/result/1808020401/,2018/2/4
2,1808020402,http://keiba.yahoo.co.jp/search/race/?sy=2018&sm=2&ey=2018&em=2&gr=&b=&x=&z=&mnd=&mxd=&hid=&p=2&sidx=race_date&dir=1,https://keiba.yahoo.co.jp/race/result/1808020402/,2018/2/4
2,1808020403,http://keiba.yahoo.co.jp/search/race/?sy=2018&sm=2&ey=2018&em=2&gr=&b=&x=&z=&mnd=&mxd=&hid=&p=2&sidx=race_date&dir=1,https://keiba.yahoo.co.jp/race/result/1808020403/,2018/2/4
2,1808020404,http://keiba.yahoo.co.jp/search/race/?sy=2018&sm=2&ey=2018&em=2&gr=&b=&x=&z=&mnd=&mxd=&hid=&p=2&sidx=race_date&dir=1,https://keiba.yahoo.co.jp/race/result/1808020404/,2018/2/4
2,1808020405,http://keiba.yahoo.co.jp/search/race/?sy=2018&sm=2&ey=2018&em=2&gr=&b=&x=&z=&mnd=&mxd=&hid=&p=2&sidx=race_date&dir=1,https://keiba.yahoo.co.jp/race/result/1808020405/,2018/2/4
2,1808020406,http://keiba.yahoo.co.jp/search/race/?sy=2018&sm=2&ey=2018&em=2&gr=&b=&x=&z=&mnd=&mxd=&hid=&p=2&sidx=race_date&dir=1,https://keiba.yahoo.co.jp/race/result/1808020406/,2018/2/4
2,1808020407,http://keiba.yahoo.co.jp/search/race/?sy=2018&sm=2&ey=2018&em=2&gr=&b=&x=&z=&mnd=&mxd=&hid=&p=2&sidx=race_date&dir=1,https://keiba.yahoo.co.jp/race/result/1808020407/,2018/2/4
2,1808020408,http://keiba.yahoo.co.jp/search/race/?sy=2018&sm=2&ey=2018&em=2&gr=&b=&x=&z=&mnd=&mxd=&hid=&p=2&sidx=race_date&dir=1,https://keiba.yahoo.co.jp/race/result/1808020408/,2018/2/4
2,1808020409,http://keiba.yahoo.co.jp/search/race/?sy=2018&sm=2&ey=2018&em=2&gr=&b=&x=&z=&mnd=&mxd=&hid=&p=2&sidx=race_date&dir=1,https://keiba.yahoo.co.jp/race/result/1808020409/,2018/2/4
2,1808020410,http://keiba.yahoo.co.jp/search/race/?sy=2018&sm=2&ey=2018&em=2&gr=&b=&x=&z=&mnd=&mxd=&hid=&p=2&sidx=race_date&dir=1,https://keiba.yahoo.co.jp/race/result/1808020410/,2018/2/4
2,1808020411,http://keiba.yahoo.co.jp/search/race/?sy=2018&sm=2&ey=2018&em=2&gr=&b=&x=&z=&mnd=&mxd=&hid=&p=2&sidx=race_date&dir=1,https://keiba.yahoo.co.jp/race/result/1808020411/,2018/2/4
2,1808020412,http://keiba.yahoo.co.jp/search/race/?sy=2018&sm=2&ey=2018&em=2&gr=&b=&x=&z=&mnd=&mxd=&hid=&p=2&sidx=race_date&dir=1,https://keiba.yahoo.co.jp/race/result/1808020412/,2018/2/4
2,1808020501,http://keiba.yahoo.co.jp/search/race/?sy=2018&sm=2&ey=2018&em=2&gr=&b=&x=&z=&mnd=&mxd=&hid=&p=2&sidx=race_date&dir=1,https://keiba.yahoo.co.jp/race/result/1808020501/,2018/2/10
2,1808020502,http://keiba.yahoo.co.jp/search/race/?sy=2018&sm=2&ey=2018&em=2&gr=&b=&x=&z=&mnd=&mxd=&hid=&p=2&sidx=race_date&dir=1,https://keiba.yahoo.co.jp/race/result/1808020502/,2018/2/10
3,1808020503,http://keiba.yahoo.co.jp/search/race/?sy=2018&sm=2&ey=2018&em=2&gr=&b=&x=&z=&mnd=&mxd=&hid=&p=3&sidx=race_date&dir=1,https://keiba.yahoo.co.jp/race/result/1808020503/,2018/2/10
3,1808020504,http://keiba.yahoo.co.jp/search/race/?sy=2018&sm=2&ey=2018&em=2&gr=&b=&x=&z=&mnd=&mxd=&hid=&p=3&sidx=race_date&dir=1,https://keiba.yahoo.co.jp/race/result/1808020504/,2018/2/10
3,1808020505,http://keiba.yahoo.co.jp/search/race/?sy=2018&sm=2&ey=2018&em=2&gr=&b=&x=&z=&mnd=&mxd=&hid=&p=3&sidx=race_date&dir=1,https://keiba.yahoo.co.jp/race/result/1808020505/,2018/2/10
3,1808020506,http://keiba.yahoo.co.jp/search/race/?sy=2018&sm=2&ey=2018&em=2&gr=&b=&x=&z=&mnd=&mxd=&hid=&p=3&sidx=race_date&dir=1,https://keiba.yahoo.co.jp/race/result/1808020506/,2018/2/10
3,1808020507,http://keiba.yahoo.co.jp/search/race/?sy=2018&sm=2&ey=2018&em=2&gr=&b=&x=&z=&mnd=&mxd=&hid=&p=3&sidx=race_date&dir=1,https://keiba.yahoo.co.jp/race/result/1808020507/,2018/2/10
3,1808020508,http://keiba.yahoo.co.jp/search/race/?sy=2018&sm=2&ey=2018&em=2&gr=&b=&x=&z=&mnd=&mxd=&hid=&p=3&sidx=race_date&dir=1,https://keiba.yahoo.co.jp/race/result/1808020508/,2018/2/10
3,1808020509,http://keiba.yahoo.co.jp/search/race/?sy=2018&sm=2&ey=2018&em=2&gr=&b=&x=&z=&mnd=&mxd=&hid=&p=3&sidx=race_date&dir=1,https://keiba.yahoo.co.jp/race/result/1808020509/,2018/2/10
3,1808020510,http://keiba.yahoo.co.jp/search/race/?sy=2018&sm=2&ey=2018&em=2&gr=&b=&x=&z=&mnd=&mxd=&hid=&p=3&sidx=race_date&dir=1,https://keiba.yahoo.co.jp/race/result/1808020510/,2018/2/10
3,1808020511,http://keiba.yahoo.co.jp/search/race/?sy=2018&sm=2&ey=2018&em=2&gr=&b=&x=&z=&mnd=&mxd=&hid=&p=3&sidx=race_date&dir=1,https://keiba.yahoo.co.jp/race/result/1808020511/,2018/2/10
3,1808020512,http://keiba.yahoo.co.jp/search/race/?sy=2018&sm=2&ey=2018&em=2&gr=&b=&x=&z=&mnd=&mxd=&hid=&p=3&sidx=race_date&dir=1,https://keiba.yahoo.co.jp/race/result/1808020512/,2018/2/10
3,1810010101,http://keiba.yahoo.co.jp/search/race/?sy=2018&sm=2&ey=2018&em=2&gr=&b=&x=&z=&mnd=&mxd=&hid=&p=3&sidx=race_date&dir=1,https://keiba.yahoo.co.jp/race/result/1810010101/,2018/2/10
3,1810010102,http://keiba.yahoo.co.jp/search/race/?sy=2018&sm=2&ey=2018&em=2&gr=&b=&x=&z=&mnd=&mxd=&hid=&p=3&sidx=race_date&dir=1,https://keiba.yahoo.co.jp/race/result/1810010102/,2018/2/10
3,1810010103,http://keiba.yahoo.co.jp/search/race/?sy=2018&sm=2&ey=2018&em=2&gr=&b=&x=&z=&mnd=&mxd=&hid=&p=3&sidx=race_date&dir=1,https://keiba.yahoo.co.jp/race/result/1810010103/,2018/2/10
3,1810010104,http://keiba.yahoo.co.jp/search/race/?sy=2018&sm=2&ey=2018&em=2&gr=&b=&x=&z=&mnd=&mxd=&hid=&p=3&sidx=race_date&dir=1,https://keiba.yahoo.co.jp/race/result/1810010104/,2018/2/10
3,1810010105,http://keiba.yahoo.co.jp/search/race/?sy=2018&sm=2&ey=2018&em=2&gr=&b=&x=&z=&mnd=&mxd=&hid=&p=3&sidx=race_date&dir=1,https://keiba.yahoo.co.jp/race/result/1810010105/,2018/2/10
3,1810010106,http://keiba.yahoo.co.jp/search/race/?sy=2018&sm=2&ey=2018&em=2&gr=&b=&x=&z=&mnd=&mxd=&hid=&p=3&sidx=race_date&dir=1,https://keiba.yahoo.co.jp/race/result/1810010106/,2018/2/10
3,1810010107,http://keiba.yahoo.co.jp/search/race/?sy=2018&sm=2&ey=2018&em=2&gr=&b=&x=&z=&mnd=&mxd=&hid=&p=3&sidx=race_date&dir=1,https://keiba.yahoo.co.jp/race/result/1810010107/,2018/2/10
3,1810010108,http://keiba.yahoo.co.jp/search/race/?sy=2018&sm=2&ey=2018&em=2&gr=&b=&x=&z=&mnd=&mxd=&hid=&p=3&sidx=race_date&dir=1,https://keiba.yahoo.co.jp/race/result/1810010108/,2018/2/10
3,1810010109,http://keiba.yahoo.co.jp/search/race/?sy=2018&sm=2&ey=2018&em=2&gr=&b=&x=&z=&mnd=&mxd=&hid=&p=3&sidx=race_date&dir=1,https://keiba.yahoo.co.jp/race/result/1810010109/,2018/2/10
3,1810010110,http://keiba.yahoo.co.jp/search/race/?sy=2018&sm=2&ey=2018&em=2&gr=&b=&x=&z=&mnd=&mxd=&hid=&p=3&sidx=race_date&dir=1,https://keiba.yahoo.co.jp/race/result/1810010110/,2018/2/10
3,1810010111,http://keiba.yahoo.co.jp/search/race/?sy=2018&sm=2&ey=2018&em=2&gr=&b=&x=&z=&mnd=&mxd=&hid=&p=3&sidx=race_date&dir=1,https://keiba.yahoo.co.jp/race/result/1810010111/,2018/2/10
3,1810010112,http://keiba.yahoo.co.jp/search/race/?sy=2018&sm=2&ey=2018&em=2&gr=&b=&x=&z=&mnd=&mxd=&hid=&p=3&sidx=race_date&dir=1,https://keiba.yahoo.co.jp/race/result/1810010112/,2018/2/10
3,1805010501,http://keiba.yahoo.co.jp/search/race/?sy=2018&sm=2&ey=2018&em=2&gr=&b=&x=&z=&mnd=&mxd=&hid=&p=3&sidx=race_date&dir=1,https://keiba.yahoo.co.jp/race/result/1805010501/,2018/2/11
3,1805010502,http://keiba.yahoo.co.jp/search/race/?sy=2018&sm=2&ey=2018&em=2&gr=&b=&x=&z=&mnd=&mxd=&hid=&p=3&sidx=race_date&dir=1,https://keiba.yahoo.co.jp/race/result/1805010502/,2018/2/11
3,1805010503,http://keiba.yahoo.co.jp/search/race/?sy=2018&sm=2&ey=2018&em=2&gr=&b=&x=&z=&mnd=&mxd=&hid=&p=3&sidx=race_date&dir=1,https://keiba.yahoo.co.jp/race/result/1805010503/,2018/2/11
4,1805010504,http://keiba.yahoo.co.jp/search/race/?sy=2018&sm=2&ey=2018&em=2&gr=&b=&x=&z=&mnd=&mxd=&hid=&p=4&sidx=race_date&dir=1,https://keiba.yahoo.co.jp/race/result/1805010504/,2018/2/11
4,1805010505,http://keiba.yahoo.co.jp/search/race/?sy=2018&sm=2&ey=2018&em=2&gr=&b=&x=&z=&mnd=&mxd=&hid=&p=4&sidx=race_date&dir=1,https://keiba.yahoo.co.jp/race/result/1805010505/,2018/2/11
4,1805010506,http://keiba.yahoo.co.jp/search/race/?sy=2018&sm=2&ey=2018&em=2&gr=&b=&x=&z=&mnd=&mxd=&hid=&p=4&sidx=race_date&dir=1,https://keiba.yahoo.co.jp/race/result/1805010506/,2018/2/11
4,1805010507,http://keiba.yahoo.co.jp/search/race/?sy=2018&sm=2&ey=2018&em=2&gr=&b=&x=&z=&mnd=&mxd=&hid=&p=4&sidx=race_date&dir=1,https://keiba.yahoo.co.jp/race/result/1805010507/,2018/2/11
4,1805010508,http://keiba.yahoo.co.jp/search/race/?sy=2018&sm=2&ey=2018&em=2&gr=&b=&x=&z=&mnd=&mxd=&hid=&p=4&sidx=race_date&dir=1,https://keiba.yahoo.co.jp/race/result/1805010508/,2018/2/11
4,1805010509,http://keiba.yahoo.co.jp/search/race/?sy=2018&sm=2&ey=2018&em=2&gr=&b=&x=&z=&mnd=&mxd=&hid=&p=4&sidx=race_date&dir=1,https://keiba.yahoo.co.jp/race/result/1805010509/,2018/2/11
4,1805010510,http://keiba.yahoo.co.jp/search/race/?sy=2018&sm=2&ey=2018&em=2&gr=&b=&x=&z=&mnd=&mxd=&hid=&p=4&sidx=race_date&dir=1,https://keiba.yahoo.co.jp/race/result/1805010510/,2018/2/11
4,1805010511,http://keiba.yahoo.co.jp/search/race/?sy=2018&sm=2&ey=2018&em=2&gr=&b=&x=&z=&mnd=&mxd=&hid=&p=4&sidx=race_date&dir=1,https://keiba.yahoo.co.jp/race/result/1805010511/,2018/2/11
4,1805010512,http://keiba.yahoo.co.jp/search/race/?sy=2018&sm=2&ey=2018&em=2&gr=&b=&x=&z=&mnd=&mxd=&hid=&p=4&sidx=race_date&dir=1,https://keiba.yahoo.co.jp/race/result/1805010512/,2018/2/11
4,1808020601,http://keiba.yahoo.co.jp/search/race/?sy=2018&sm=2&ey=2018&em=2&gr=&b=&x=&z=&mnd=&mxd=&hid=&p=4&sidx=race_date&dir=1,https://keiba.yahoo.co.jp/race/result/1808020601/,2018/2/11
4,1808020602,http://keiba.yahoo.co.jp/search/race/?sy=2018&sm=2&ey=2018&em=2&gr=&b=&x=&z=&mnd=&mxd=&hid=&p=4&sidx=race_date&dir=1,https://keiba.yahoo.co.jp/race/result/1808020602/,2018/2/11
4,1808020603,http://keiba.yahoo.co.jp/search/race/?sy=2018&sm=2&ey=2018&em=2&gr=&b=&x=&z=&mnd=&mxd=&hid=&p=4&sidx=race_date&dir=1,https://keiba.yahoo.co.jp/race/result/1808020603/,2018/2/11
4,1808020604,http://keiba.yahoo.co.jp/search/race/?sy=2018&sm=2&ey=2018&em=2&gr=&b=&x=&z=&mnd=&mxd=&hid=&p=4&sidx=race_date&dir=1,https://keiba.yahoo.co.jp/race/result/1808020604/,2018/2/11
4,1808020605,http://keiba.yahoo.co.jp/search/race/?sy=2018&sm=2&ey=2018&em=2&gr=&b=&x=&z=&mnd=&mxd=&hid=&p=4&sidx=race_date&dir=1,https://keiba.yahoo.co.jp/race/result/1808020605/,2018/2/11
4,1808020606,http://keiba.yahoo.co.jp/search/race/?sy=2018&sm=2&ey=2018&em=2&gr=&b=&x=&z=&mnd=&mxd=&hid=&p=4&sidx=race_date&dir=1,https://keiba.yahoo.co.jp/race/result/1808020606/,2018/2/11
4,1808020607,http://keiba.yahoo.co.jp/search/race/?sy=2018&sm=2&ey=2018&em=2&gr=&b=&x=&z=&mnd=&mxd=&hid=&p=4&sidx=race_date&dir=1,https://keiba.yahoo.co.jp/race/result/1808020607/,2018/2/11
4,1808020608,http://keiba.yahoo.co.jp/search/race/?sy=2018&sm=2&ey=2018&em=2&gr=&b=&x=&z=&mnd=&mxd=&hid=&p=4&sidx=race_date&dir=1,https://keiba.yahoo.co.jp/race/result/1808020608/,2018/2/11
4,1808020609,http://keiba.yahoo.co.jp/search/race/?sy=2018&sm=2&ey=2018&em=2&gr=&b=&x=&z=&mnd=&mxd=&hid=&p=4&sidx=race_date&dir=1,https://keiba.yahoo.co.jp/race/result/1808020609/,2018/2/11
4,1808020610,http://keiba.yahoo.co.jp/search/race/?sy=2018&sm=2&ey=2018&em=2&gr=&b=&x=&z=&mnd=&mxd=&hid=&p=4&sidx=race_date&dir=1,https://keiba.yahoo.co.jp/race/result/1808020610/,2018/2/11
4,1808020611,http://keiba.yahoo.co.jp/search/race/?sy=2018&sm=2&ey=2018&em=2&gr=&b=&x=&z=&mnd=&mxd=&hid=&p=4&sidx=race_date&dir=1,https://keiba.yahoo.co.jp/race/result/1808020611/,2018/2/11
4,1808020612,http://keiba.yahoo.co.jp/search/race/?sy=2018&sm=2&ey=2018&em=2&gr=&b=&x=&z=&mnd=&mxd=&hid=&p=4&sidx=race_date&dir=1,https://keiba.yahoo.co.jp/race/result/1808020612/,2018/2/11
4,1805010601,http://keiba.yahoo.co.jp/search/race/?sy=2018&sm=2&ey=2018&em=2&gr=&b=&x=&z=&mnd=&mxd=&hid=&p=4&sidx=race_date&dir=1,https://keiba.yahoo.co.jp/race/result/1805010601/,2018/2/12
4,1805010602,http://keiba.yahoo.co.jp/search/race/?sy=2018&sm=2&ey=2018&em=2&gr=&b=&x=&z=&mnd=&mxd=&hid=&p=4&sidx=race_date&dir=1,https://keiba.yahoo.co.jp/race/result/1805010602/,2018/2/12
4,1805010603,http://keiba.yahoo.co.jp/search/race/?sy=2018&sm=2&ey=2018&em=2&gr=&b=&x=&z=&mnd=&mxd=&hid=&p=4&sidx=race_date&dir=1,https://keiba.yahoo.co.jp/race/result/1805010603/,2018/2/12
4,1805010604,http://keiba.yahoo.co.jp/search/race/?sy=2018&sm=2&ey=2018&em=2&gr=&b=&x=&z=&mnd=&mxd=&hid=&p=4&sidx=race_date&dir=1,https://keiba.yahoo.co.jp/race/result/1805010604/,2018/2/12
5,1805010605,http://keiba.yahoo.co.jp/search/race/?sy=2018&sm=2&ey=2018&em=2&gr=&b=&x=&z=&mnd=&mxd=&hid=&p=5&sidx=race_date&dir=1,https://keiba.yahoo.co.jp/race/result/1805010605/,2018/2/12
5,1805010606,http://keiba.yahoo.co.jp/search/race/?sy=2018&sm=2&ey=2018&em=2&gr=&b=&x=&z=&mnd=&mxd=&hid=&p=5&sidx=race_date&dir=1,https://keiba.yahoo.co.jp/race/result/1805010606/,2018/2/12
5,1805010607,http://keiba.yahoo.co.jp/search/race/?sy=2018&sm=2&ey=2018&em=2&gr=&b=&x=&z=&mnd=&mxd=&hid=&p=5&sidx=race_date&dir=1,https://keiba.yahoo.co.jp/race/result/1805010607/,2018/2/12
5,1805010608,http://keiba.yahoo.co.jp/search/race/?sy=2018&sm=2&ey=2018&em=2&gr=&b=&x=&z=&mnd=&mxd=&hid=&p=5&sidx=race_date&dir=1,https://keiba.yahoo.co.jp/race/result/1805010608/,2018/2/12
5,1805010609,http://keiba.yahoo.co.jp/search/race/?sy=2018&sm=2&ey=2018&em=2&gr=&b=&x=&z=&mnd=&mxd=&hid=&p=5&sidx=race_date&dir=1,https://keiba.yahoo.co.jp/race/result/1805010609/,2018/2/12
5,1805010610,http://keiba.yahoo.co.jp/search/race/?sy=2018&sm=2&ey=2018&em=2&gr=&b=&x=&z=&mnd=&mxd=&hid=&p=5&sidx=race_date&dir=1,https://keiba.yahoo.co.jp/race/result/1805010610/,2018/2/12
5,1805010611,http://keiba.yahoo.co.jp/search/race/?sy=2018&sm=2&ey=2018&em=2&gr=&b=&x=&z=&mnd=&mxd=&hid=&p=5&sidx=race_date&dir=1,https://keiba.yahoo.co.jp/race/result/1805010611/,2018/2/12
5,1805010612,http://keiba.yahoo.co.jp/search/race/?sy=2018&sm=2&ey=2018&em=2&gr=&b=&x=&z=&mnd=&mxd=&hid=&p=5&sidx=race_date&dir=1,https://keiba.yahoo.co.jp/race/result/1805010612/,2018/2/12
5,1810010201,http://keiba.yahoo.co.jp/search/race/?sy=2018&sm=2&ey=2018&em=2&gr=&b=&x=&z=&mnd=&mxd=&hid=&p=5&sidx=race_date&dir=1,https://keiba.yahoo.co.jp/race/result/1810010201/,2018/2/13
5,1810010202,http://keiba.yahoo.co.jp/search/race/?sy=2018&sm=2&ey=2018&em=2&gr=&b=&x=&z=&mnd=&mxd=&hid=&p=5&sidx=race_date&dir=1,https://keiba.yahoo.co.jp/race/result/1810010202/,2018/2/13
5,1810010203,http://keiba.yahoo.co.jp/search/race/?sy=2018&sm=2&ey=2018&em=2&gr=&b=&x=&z=&mnd=&mxd=&hid=&p=5&sidx=race_date&dir=1,https://keiba.yahoo.co.jp/race/result/1810010203/,2018/2/13
5,1810010204,http://keiba.yahoo.co.jp/search/race/?sy=2018&sm=2&ey=2018&em=2&gr=&b=&x=&z=&mnd=&mxd=&hid=&p=5&sidx=race_date&dir=1,https://keiba.yahoo.co.jp/race/result/1810010204/,2018/2/13
5,1810010205,http://keiba.yahoo.co.jp/search/race/?sy=2018&sm=2&ey=2018&em=2&gr=&b=&x=&z=&mnd=&mxd=&hid=&p=5&sidx=race_date&dir=1,https://keiba.yahoo.co.jp/race/result/1810010205/,2018/2/13
5,1810010206,http://keiba.yahoo.co.jp/search/race/?sy=2018&sm=2&ey=2018&em=2&gr=&b=&x=&z=&mnd=&mxd=&hid=&p=5&sidx=race_date&dir=1,https://keiba.yahoo.co.jp/race/result/1810010206/,2018/2/13
5,1810010207,http://keiba.yahoo.co.jp/search/race/?sy=2018&sm=2&ey=2018&em=2&gr=&b=&x=&z=&mnd=&mxd=&hid=&p=5&sidx=race_date&dir=1,https://keiba.yahoo.co.jp/race/result/1810010207/,2018/2/13
5,1810010208,http://keiba.yahoo.co.jp/search/race/?sy=2018&sm=2&ey=2018&em=2&gr=&b=&x=&z=&mnd=&mxd=&hid=&p=5&sidx=race_date&dir=1,https://keiba.yahoo.co.jp/race/result/1810010208/,2018/2/13
5,1810010209,http://keiba.yahoo.co.jp/search/race/?sy=2018&sm=2&ey=2018&em=2&gr=&b=&x=&z=&mnd=&mxd=&hid=&p=5&sidx=race_date&dir=1,https://keiba.yahoo.co.jp/race/result/1810010209/,2018/2/13
5,1810010210,http://keiba.yahoo.co.jp/search/race/?sy=2018&sm=2&ey=2018&em=2&gr=&b=&x=&z=&mnd=&mxd=&hid=&p=5&sidx=race_date&dir=1,https://keiba.yahoo.co.jp/race/result/1810010210/,2018/2/13
5,1810010211,http://keiba.yahoo.co.jp/search/race/?sy=2018&sm=2&ey=2018&em=2&gr=&b=&x=&z=&mnd=&mxd=&hid=&p=5&sidx=race_date&dir=1,https://keiba.yahoo.co.jp/race/result/1810010211/,2018/2/13
5,1810010212,http://keiba.yahoo.co.jp/search/race/?sy=2018&sm=2&ey=2018&em=2&gr=&b=&x=&z=&mnd=&mxd=&hid=&p=5&sidx=race_date&dir=1,https://keiba.yahoo.co.jp/race/result/1810010212/,2018/2/13
5,1805010701,http://keiba.yahoo.co.jp/search/race/?sy=2018&sm=2&ey=2018&em=2&gr=&b=&x=&z=&mnd=&mxd=&hid=&p=5&sidx=race_date&dir=1,https://keiba.yahoo.co.jp/race/result/1805010701/,2018/2/17
5,1805010702,http://keiba.yahoo.co.jp/search/race/?sy=2018&sm=2&ey=2018&em=2&gr=&b=&x=&z=&mnd=&mxd=&hid=&p=5&sidx=race_date&dir=1,https://keiba.yahoo.co.jp/race/result/1805010702/,2018/2/17
5,1805010703,http://keiba.yahoo.co.jp/search/race/?sy=2018&sm=2&ey=2018&em=2&gr=&b=&x=&z=&mnd=&mxd=&hid=&p=5&sidx=race_date&dir=1,https://keiba.yahoo.co.jp/race/result/1805010703/,2018/2/17
5,1805010704,http://keiba.yahoo.co.jp/search/race/?sy=2018&sm=2&ey=2018&em=2&gr=&b=&x=&z=&mnd=&mxd=&hid=&p=5&sidx=race_date&dir=1,https://keiba.yahoo.co.jp/race/result/1805010704/,2018/2/17
5,1805010705,http://keiba.yahoo.co.jp/search/race/?sy=2018&sm=2&ey=2018&em=2&gr=&b=&x=&z=&mnd=&mxd=&hid=&p=5&sidx=race_date&dir=1,https://keiba.yahoo.co.jp/race/result/1805010705/,2018/2/17
6,1805010706,http://keiba.yahoo.co.jp/search/race/?sy=2018&sm=2&ey=2018&em=2&gr=&b=&x=&z=&mnd=&mxd=&hid=&p=6&sidx=race_date&dir=1,https://keiba.yahoo.co.jp/race/result/1805010706/,2018/2/17
6,1805010707,http://keiba.yahoo.co.jp/search/race/?sy=2018&sm=2&ey=2018&em=2&gr=&b=&x=&z=&mnd=&mxd=&hid=&p=6&sidx=race_date&dir=1,https://keiba.yahoo.co.jp/race/result/1805010707/,2018/2/17
6,1805010708,http://keiba.yahoo.co.jp/search/race/?sy=2018&sm=2&ey=2018&em=2&gr=&b=&x=&z=&mnd=&mxd=&hid=&p=6&sidx=race_date&dir=1,https://keiba.yahoo.co.jp/race/result/1805010708/,2018/2/17
6,1805010709,http://keiba.yahoo.co.jp/search/race/?sy=2018&sm=2&ey=2018&em=2&gr=&b=&x=&z=&mnd=&mxd=&hid=&p=6&sidx=race_date&dir=1,https://keiba.yahoo.co.jp/race/result/1805010709/,2018/2/17
6,1805010710,http://keiba.yahoo.co.jp/search/race/?sy=2018&sm=2&ey=2018&em=2&gr=&b=&x=&z=&mnd=&mxd=&hid=&p=6&sidx=race_date&dir=1,https://keiba.yahoo.co.jp/race/result/1805010710/,2018/2/17
6,1805010711,http://keiba.yahoo.co.jp/search/race/?sy=2018&sm=2&ey=2018&em=2&gr=&b=&x=&z=&mnd=&mxd=&hid=&p=6&sidx=race_date&dir=1,https://keiba.yahoo.co.jp/race/result/1805010711/,2018/2/17
6,1805010712,http://keiba.yahoo.co.jp/search/race/?sy=2018&sm=2&ey=2018&em=2&gr=&b=&x=&z=&mnd=&mxd=&hid=&p=6&sidx=race_date&dir=1,https://keiba.yahoo.co.jp/race/result/1805010712/,2018/2/17
6,1808020701,http://keiba.yahoo.co.jp/search/race/?sy=2018&sm=2&ey=2018&em=2&gr=&b=&x=&z=&mnd=&mxd=&hid=&p=6&sidx=race_date&dir=1,https://keiba.yahoo.co.jp/race/result/1808020701/,2018/2/17
6,1808020702,http://keiba.yahoo.co.jp/search/race/?sy=2018&sm=2&ey=2018&em=2&gr=&b=&x=&z=&mnd=&mxd=&hid=&p=6&sidx=race_date&dir=1,https://keiba.yahoo.co.jp/race/result/1808020702/,2018/2/17
6,1808020703,http://keiba.yahoo.co.jp/search/race/?sy=2018&sm=2&ey=2018&em=2&gr=&b=&x=&z=&mnd=&mxd=&hid=&p=6&sidx=race_date&dir=1,https://keiba.yahoo.co.jp/race/result/1808020703/,2018/2/17
6,1808020704,http://keiba.yahoo.co.jp/search/race/?sy=2018&sm=2&ey=2018&em=2&gr=&b=&x=&z=&mnd=&mxd=&hid=&p=6&sidx=race_date&dir=1,https://keiba.yahoo.co.jp/race/result/1808020704/,2018/2/17
6,1808020705,http://keiba.yahoo.co.jp/search/race/?sy=2018&sm=2&ey=2018&em=2&gr=&b=&x=&z=&mnd=&mxd=&hid=&p=6&sidx=race_date&dir=1,https://keiba.yahoo.co.jp/race/result/1808020705/,2018/2/17
6,1808020706,http://keiba.yahoo.co.jp/search/race/?sy=2018&sm=2&ey=2018&em=2&gr=&b=&x=&z=&mnd=&mxd=&hid=&p=6&sidx=race_date&dir=1,https://keiba.yahoo.co.jp/race/result/1808020706/,2018/2/17
6,1808020707,http://keiba.yahoo.co.jp/search/race/?sy=2018&sm=2&ey=2018&em=2&gr=&b=&x=&z=&mnd=&mxd=&hid=&p=6&sidx=race_date&dir=1,https://keiba.yahoo.co.jp/race/result/1808020707/,2018/2/17
6,1808020708,http://keiba.yahoo.co.jp/search/race/?sy=2018&sm=2&ey=2018&em=2&gr=&b=&x=&z=&mnd=&mxd=&hid=&p=6&sidx=race_date&dir=1,https://keiba.yahoo.co.jp/race/result/1808020708/,2018/2/17
6,1808020709,http://keiba.yahoo.co.jp/search/race/?sy=2018&sm=2&ey=2018&em=2&gr=&b=&x=&z=&mnd=&mxd=&hid=&p=6&sidx=race_date&dir=1,https://keiba.yahoo.co.jp/race/result/1808020709/,2018/2/17
6,1808020710,http://keiba.yahoo.co.jp/search/race/?sy=2018&sm=2&ey=2018&em=2&gr=&b=&x=&z=&mnd=&mxd=&hid=&p=6&sidx=race_date&dir=1,https://keiba.yahoo.co.jp/race/result/1808020710/,2018/2/17
6,1808020711,http://keiba.yahoo.co.jp/search/race/?sy=2018&sm=2&ey=2018&em=2&gr=&b=&x=&z=&mnd=&mxd=&hid=&p=6&sidx=race_date&dir=1,https://keiba.yahoo.co.jp/race/result/1808020711/,2018/2/17
6,1808020712,http://keiba.yahoo.co.jp/search/race/?sy=2018&sm=2&ey=2018&em=2&gr=&b=&x=&z=&mnd=&mxd=&hid=&p=6&sidx=race_date&dir=1,https://keiba.yahoo.co.jp/race/result/1808020712/,2018/2/17
6,1810010301,http://keiba.yahoo.co.jp/search/race/?sy=2018&sm=2&ey=2018&em=2&gr=&b=&x=&z=&mnd=&mxd=&hid=&p=6&sidx=race_date&dir=1,https://keiba.yahoo.co.jp/race/result/1810010301/,2018/2/17
6,1810010302,http://keiba.yahoo.co.jp/search/race/?sy=2018&sm=2&ey=2018&em=2&gr=&b=&x=&z=&mnd=&mxd=&hid=&p=6&sidx=race_date&dir=1,https://keiba.yahoo.co.jp/race/result/1810010302/,2018/2/17
6,1810010303,http://keiba.yahoo.co.jp/search/race/?sy=2018&sm=2&ey=2018&em=2&gr=&b=&x=&z=&mnd=&mxd=&hid=&p=6&sidx=race_date&dir=1,https://keiba.yahoo.co.jp/race/result/1810010303/,2018/2/17
6,1810010304,http://keiba.yahoo.co.jp/search/race/?sy=2018&sm=2&ey=2018&em=2&gr=&b=&x=&z=&mnd=&mxd=&hid=&p=6&sidx=race_date&dir=1,https://keiba.yahoo.co.jp/race/result/1810010304/,2018/2/17
6,1810010305,http://keiba.yahoo.co.jp/search/race/?sy=2018&sm=2&ey=2018&em=2&gr=&b=&x=&z=&mnd=&mxd=&hid=&p=6&sidx=race_date&dir=1,https://keiba.yahoo.co.jp/race/result/1810010305/,2018/2/17
6,1810010306,http://keiba.yahoo.co.jp/search/race/?sy=2018&sm=2&ey=2018&em=2&gr=&b=&x=&z=&mnd=&mxd=&hid=&p=6&sidx=race_date&dir=1,https://keiba.yahoo.co.jp/race/result/1810010306/,2018/2/17
7,1810010307,http://keiba.yahoo.co.jp/search/race/?sy=2018&sm=2&ey=2018&em=2&gr=&b=&x=&z=&mnd=&mxd=&hid=&p=7&sidx=race_date&dir=1,https://keiba.yahoo.co.jp/race/result/1810010307/,2018/2/17
7,1810010308,http://keiba.yahoo.co.jp/search/race/?sy=2018&sm=2&ey=2018&em=2&gr=&b=&x=&z=&mnd=&mxd=&hid=&p=7&sidx=race_date&dir=1,https://keiba.yahoo.co.jp/race/result/1810010308/,2018/2/17
7,1810010309,http://keiba.yahoo.co.jp/search/race/?sy=2018&sm=2&ey=2018&em=2&gr=&b=&x=&z=&mnd=&mxd=&hid=&p=7&sidx=race_date&dir=1,https://keiba.yahoo.co.jp/race/result/1810010309/,2018/2/17
7,1810010310,http://keiba.yahoo.co.jp/search/race/?sy=2018&sm=2&ey=2018&em=2&gr=&b=&x=&z=&mnd=&mxd=&hid=&p=7&sidx=race_date&dir=1,https://keiba.yahoo.co.jp/race/result/1810010310/,2018/2/17
7,1810010311,http://keiba.yahoo.co.jp/search/race/?sy=2018&sm=2&ey=2018&em=2&gr=&b=&x=&z=&mnd=&mxd=&hid=&p=7&sidx=race_date&dir=1,https://keiba.yahoo.co.jp/race/result/1810010311/,2018/2/17
7,1810010312,http://keiba.yahoo.co.jp/search/race/?sy=2018&sm=2&ey=2018&em=2&gr=&b=&x=&z=&mnd=&mxd=&hid=&p=7&sidx=race_date&dir=1,https://keiba.yahoo.co.jp/race/result/1810010312/,2018/2/17
7,1805010801,http://keiba.yahoo.co.jp/search/race/?sy=2018&sm=2&ey=2018&em=2&gr=&b=&x=&z=&mnd=&mxd=&hid=&p=7&sidx=race_date&dir=1,https://keiba.yahoo.co.jp/race/result/1805010801/,2018/2/18
7,1805010802,http://keiba.yahoo.co.jp/search/race/?sy=2018&sm=2&ey=2018&em=2&gr=&b=&x=&z=&mnd=&mxd=&hid=&p=7&sidx=race_date&dir=1,https://keiba.yahoo.co.jp/race/result/1805010802/,2018/2/18
7,1805010803,http://keiba.yahoo.co.jp/search/race/?sy=2018&sm=2&ey=2018&em=2&gr=&b=&x=&z=&mnd=&mxd=&hid=&p=7&sidx=race_date&dir=1,https://keiba.yahoo.co.jp/race/result/1805010803/,2018/2/18
7,1805010804,http://keiba.yahoo.co.jp/search/race/?sy=2018&sm=2&ey=2018&em=2&gr=&b=&x=&z=&mnd=&mxd=&hid=&p=7&sidx=race_date&dir=1,https://keiba.yahoo.co.jp/race/result/1805010804/,2018/2/18
7,1805010805,http://keiba.yahoo.co.jp/search/race/?sy=2018&sm=2&ey=2018&em=2&gr=&b=&x=&z=&mnd=&mxd=&hid=&p=7&sidx=race_date&dir=1,https://keiba.yahoo.co.jp/race/result/1805010805/,2018/2/18
7,1805010806,http://keiba.yahoo.co.jp/search/race/?sy=2018&sm=2&ey=2018&em=2&gr=&b=&x=&z=&mnd=&mxd=&hid=&p=7&sidx=race_date&dir=1,https://keiba.yahoo.co.jp/race/result/1805010806/,2018/2/18
7,1805010807,http://keiba.yahoo.co.jp/search/race/?sy=2018&sm=2&ey=2018&em=2&gr=&b=&x=&z=&mnd=&mxd=&hid=&p=7&sidx=race_date&dir=1,https://keiba.yahoo.co.jp/race/result/1805010807/,2018/2/18
7,1805010808,http://keiba.yahoo.co.jp/search/race/?sy=2018&sm=2&ey=2018&em=2&gr=&b=&x=&z=&mnd=&mxd=&hid=&p=7&sidx=race_date&dir=1,https://keiba.yahoo.co.jp/race/result/1805010808/,2018/2/18
7,1805010809,http://keiba.yahoo.co.jp/search/race/?sy=2018&sm=2&ey=2018&em=2&gr=&b=&x=&z=&mnd=&mxd=&hid=&p=7&sidx=race_date&dir=1,https://keiba.yahoo.co.jp/race/result/1805010809/,2018/2/18
7,1805010810,http://keiba.yahoo.co.jp/search/race/?sy=2018&sm=2&ey=2018&em=2&gr=&b=&x=&z=&mnd=&mxd=&hid=&p=7&sidx=race_date&dir=1,https://keiba.yahoo.co.jp/race/result/1805010810/,2018/2/18
7,1805010811,http://keiba.yahoo.co.jp/search/race/?sy=2018&sm=2&ey=2018&em=2&gr=&b=&x=&z=&mnd=&mxd=&hid=&p=7&sidx=race_date&dir=1,https://keiba.yahoo.co.jp/race/result/1805010811/,2018/2/18
7,1805010812,http://keiba.yahoo.co.jp/search/race/?sy=2018&sm=2&ey=2018&em=2&gr=&b=&x=&z=&mnd=&mxd=&hid=&p=7&sidx=race_date&dir=1,https://keiba.yahoo.co.jp/race/result/1805010812/,2018/2/18
7,1808020801,http://keiba.yahoo.co.jp/search/race/?sy=2018&sm=2&ey=2018&em=2&gr=&b=&x=&z=&mnd=&mxd=&hid=&p=7&sidx=race_date&dir=1,https://keiba.yahoo.co.jp/race/result/1808020801/,2018/2/18
7,1808020802,http://keiba.yahoo.co.jp/search/race/?sy=2018&sm=2&ey=2018&em=2&gr=&b=&x=&z=&mnd=&mxd=&hid=&p=7&sidx=race_date&dir=1,https://keiba.yahoo.co.jp/race/result/1808020802/,2018/2/18
7,1808020803,http://keiba.yahoo.co.jp/search/race/?sy=2018&sm=2&ey=2018&em=2&gr=&b=&x=&z=&mnd=&mxd=&hid=&p=7&sidx=race_date&dir=1,https://keiba.yahoo.co.jp/race/result/1808020803/,2018/2/18
7,1808020804,http://keiba.yahoo.co.jp/search/race/?sy=2018&sm=2&ey=2018&em=2&gr=&b=&x=&z=&mnd=&mxd=&hid=&p=7&sidx=race_date&dir=1,https://keiba.yahoo.co.jp/race/result/1808020804/,2018/2/18
7,1808020805,http://keiba.yahoo.co.jp/search/race/?sy=2018&sm=2&ey=2018&em=2&gr=&b=&x=&z=&mnd=&mxd=&hid=&p=7&sidx=race_date&dir=1,https://keiba.yahoo.co.jp/race/result/1808020805/,2018/2/18
7,1808020806,http://keiba.yahoo.co.jp/search/race/?sy=2018&sm=2&ey=2018&em=2&gr=&b=&x=&z=&mnd=&mxd=&hid=&p=7&sidx=race_date&dir=1,https://keiba.yahoo.co.jp/race/result/1808020806/,2018/2/18
7,1808020807,http://keiba.yahoo.co.jp/search/race/?sy=2018&sm=2&ey=2018&em=2&gr=&b=&x=&z=&mnd=&mxd=&hid=&p=7&sidx=race_date&dir=1,https://keiba.yahoo.co.jp/race/result/1808020807/,2018/2/18
8,1808020808,http://keiba.yahoo.co.jp/search/race/?sy=2018&sm=2&ey=2018&em=2&gr=&b=&x=&z=&mnd=&mxd=&hid=&p=8&sidx=race_date&dir=1,https://keiba.yahoo.co.jp/race/result/1808020808/,2018/2/18
8,1808020809,http://keiba.yahoo.co.jp/search/race/?sy=2018&sm=2&ey=2018&em=2&gr=&b=&x=&z=&mnd=&mxd=&hid=&p=8&sidx=race_date&dir=1,https://keiba.yahoo.co.jp/race/result/1808020809/,2018/2/18
8,1808020810,http://keiba.yahoo.co.jp/search/race/?sy=2018&sm=2&ey=2018&em=2&gr=&b=&x=&z=&mnd=&mxd=&hid=&p=8&sidx=race_date&dir=1,https://keiba.yahoo.co.jp/race/result/1808020810/,2018/2/18
8,1808020811,http://keiba.yahoo.co.jp/search/race/?sy=2018&sm=2&ey=2018&em=2&gr=&b=&x=&z=&mnd=&mxd=&hid=&p=8&sidx=race_date&dir=1,https://keiba.yahoo.co.jp/race/result/1808020811/,2018/2/18
8,1808020812,http://keiba.yahoo.co.jp/search/race/?sy=2018&sm=2&ey=2018&em=2&gr=&b=&x=&z=&mnd=&mxd=&hid=&p=8&sidx=race_date&dir=1,https://keiba.yahoo.co.jp/race/result/1808020812/,2018/2/18
8,1810010401,http://keiba.yahoo.co.jp/search/race/?sy=2018&sm=2&ey=2018&em=2&gr=&b=&x=&z=&mnd=&mxd=&hid=&p=8&sidx=race_date&dir=1,https://keiba.yahoo.co.jp/race/result/1810010401/,2018/2/18
8,1810010402,http://keiba.yahoo.co.jp/search/race/?sy=2018&sm=2&ey=2018&em=2&gr=&b=&x=&z=&mnd=&mxd=&hid=&p=8&sidx=race_date&dir=1,https://keiba.yahoo.co.jp/race/result/1810010402/,2018/2/18
8,1810010403,http://keiba.yahoo.co.jp/search/race/?sy=2018&sm=2&ey=2018&em=2&gr=&b=&x=&z=&mnd=&mxd=&hid=&p=8&sidx=race_date&dir=1,https://keiba.yahoo.co.jp/race/result/1810010403/,2018/2/18
8,1810010404,http://keiba.yahoo.co.jp/search/race/?sy=2018&sm=2&ey=2018&em=2&gr=&b=&x=&z=&mnd=&mxd=&hid=&p=8&sidx=race_date&dir=1,https://keiba.yahoo.co.jp/race/result/1810010404/,2018/2/18
8,1810010405,http://keiba.yahoo.co.jp/search/race/?sy=2018&sm=2&ey=2018&em=2&gr=&b=&x=&z=&mnd=&mxd=&hid=&p=8&sidx=race_date&dir=1,https://keiba.yahoo.co.jp/race/result/1810010405/,2018/2/18
8,1810010406,http://keiba.yahoo.co.jp/search/race/?sy=2018&sm=2&ey=2018&em=2&gr=&b=&x=&z=&mnd=&mxd=&hid=&p=8&sidx=race_date&dir=1,https://keiba.yahoo.co.jp/race/result/1810010406/,2018/2/18
8,1810010407,http://keiba.yahoo.co.jp/search/race/?sy=2018&sm=2&ey=2018&em=2&gr=&b=&x=&z=&mnd=&mxd=&hid=&p=8&sidx=race_date&dir=1,https://keiba.yahoo.co.jp/race/result/1810010407/,2018/2/18
8,1810010408,http://keiba.yahoo.co.jp/search/race/?sy=2018&sm=2&ey=2018&em=2&gr=&b=&x=&z=&mnd=&mxd=&hid=&p=8&sidx=race_date&dir=1,https://keiba.yahoo.co.jp/race/result/1810010408/,2018/2/18
8,1810010409,http://keiba.yahoo.co.jp/search/race/?sy=2018&sm=2&ey=2018&em=2&gr=&b=&x=&z=&mnd=&mxd=&hid=&p=8&sidx=race_date&dir=1,https://keiba.yahoo.co.jp/race/result/1810010409/,2018/2/18
8,1810010410,http://keiba.yahoo.co.jp/search/race/?sy=2018&sm=2&ey=2018&em=2&gr=&b=&x=&z=&mnd=&mxd=&hid=&p=8&sidx=race_date&dir=1,https://keiba.yahoo.co.jp/race/result/1810010410/,2018/2/18
8,1810010411,http://keiba.yahoo.co.jp/search/race/?sy=2018&sm=2&ey=2018&em=2&gr=&b=&x=&z=&mnd=&mxd=&hid=&p=8&sidx=race_date&dir=1,https://keiba.yahoo.co.jp/race/result/1810010411/,2018/2/18
8,1810010412,http://keiba.yahoo.co.jp/search/race/?sy=2018&sm=2&ey=2018&em=2&gr=&b=&x=&z=&mnd=&mxd=&hid=&p=8&sidx=race_date&dir=1,https://keiba.yahoo.co.jp/race/result/1810010412/,2018/2/18
8,1806020101,http://keiba.yahoo.co.jp/search/race/?sy=2018&sm=2&ey=2018&em=2&gr=&b=&x=&z=&mnd=&mxd=&hid=&p=8&sidx=race_date&dir=1,https://keiba.yahoo.co.jp/race/result/1806020101/,2018/2/24
8,1806020102,http://keiba.yahoo.co.jp/search/race/?sy=2018&sm=2&ey=2018&em=2&gr=&b=&x=&z=&mnd=&mxd=&hid=&p=8&sidx=race_date&dir=1,https://keiba.yahoo.co.jp/race/result/1806020102/,2018/2/24
8,1806020103,http://keiba.yahoo.co.jp/search/race/?sy=2018&sm=2&ey=2018&em=2&gr=&b=&x=&z=&mnd=&mxd=&hid=&p=8&sidx=race_date&dir=1,https://keiba.yahoo.co.jp/race/result/1806020103/,2018/2/24
8,1806020104,http://keiba.yahoo.co.jp/search/race/?sy=2018&sm=2&ey=2018&em=2&gr=&b=&x=&z=&mnd=&mxd=&hid=&p=8&sidx=race_date&dir=1,https://keiba.yahoo.co.jp/race/result/1806020104/,2018/2/24
8,1806020105,http://keiba.yahoo.co.jp/search/race/?sy=2018&sm=2&ey=2018&em=2&gr=&b=&x=&z=&mnd=&mxd=&hid=&p=8&sidx=race_date&dir=1,https://keiba.yahoo.co.jp/race/result/1806020105/,2018/2/24
8,1806020106,http://keiba.yahoo.co.jp/search/race/?sy=2018&sm=2&ey=2018&em=2&gr=&b=&x=&z=&mnd=&mxd=&hid=&p=8&sidx=race_date&dir=1,https://keiba.yahoo.co.jp/race/result/1806020106/,2018/2/24
8,1806020107,http://keiba.yahoo.co.jp/search/race/?sy=2018&sm=2&ey=2018&em=2&gr=&b=&x=&z=&mnd=&mxd=&hid=&p=8&sidx=race_date&dir=1,https://keiba.yahoo.co.jp/race/result/1806020107/,2018/2/24
8,1806020108,http://keiba.yahoo.co.jp/search/race/?sy=2018&sm=2&ey=2018&em=2&gr=&b=&x=&z=&mnd=&mxd=&hid=&p=8&sidx=race_date&dir=1,https://keiba.yahoo.co.jp/race/result/1806020108/,2018/2/24
9,1806020109,http://keiba.yahoo.co.jp/search/race/?sy=2018&sm=2&ey=2018&em=2&gr=&b=&x=&z=&mnd=&mxd=&hid=&p=9&sidx=race_date&dir=1,https://keiba.yahoo.co.jp/race/result/1806020109/,2018/2/24
9,1806020110,http://keiba.yahoo.co.jp/search/race/?sy=2018&sm=2&ey=2018&em=2&gr=&b=&x=&z=&mnd=&mxd=&hid=&p=9&sidx=race_date&dir=1,https://keiba.yahoo.co.jp/race/result/1806020110/,2018/2/24
9,1806020111,http://keiba.yahoo.co.jp/search/race/?sy=2018&sm=2&ey=2018&em=2&gr=&b=&x=&z=&mnd=&mxd=&hid=&p=9&sidx=race_date&dir=1,https://keiba.yahoo.co.jp/race/result/1806020111/,2018/2/24
9,1806020112,http://keiba.yahoo.co.jp/search/race/?sy=2018&sm=2&ey=2018&em=2&gr=&b=&x=&z=&mnd=&mxd=&hid=&p=9&sidx=race_date&dir=1,https://keiba.yahoo.co.jp/race/result/1806020112/,2018/2/24
9,1809010101,http://keiba.yahoo.co.jp/search/race/?sy=2018&sm=2&ey=2018&em=2&gr=&b=&x=&z=&mnd=&mxd=&hid=&p=9&sidx=race_date&dir=1,https://keiba.yahoo.co.jp/race/result/1809010101/,2018/2/24
9,1809010102,http://keiba.yahoo.co.jp/search/race/?sy=2018&sm=2&ey=2018&em=2&gr=&b=&x=&z=&mnd=&mxd=&hid=&p=9&sidx=race_date&dir=1,https://keiba.yahoo.co.jp/race/result/1809010102/,2018/2/24
9,1809010103,http://keiba.yahoo.co.jp/search/race/?sy=2018&sm=2&ey=2018&em=2&gr=&b=&x=&z=&mnd=&mxd=&hid=&p=9&sidx=race_date&dir=1,https://keiba.yahoo.co.jp/race/result/1809010103/,2018/2/24
9,1809010104,http://keiba.yahoo.co.jp/search/race/?sy=2018&sm=2&ey=2018&em=2&gr=&b=&x=&z=&mnd=&mxd=&hid=&p=9&sidx=race_date&dir=1,https://keiba.yahoo.co.jp/race/result/1809010104/,2018/2/24
9,1809010105,http://keiba.yahoo.co.jp/search/race/?sy=2018&sm=2&ey=2018&em=2&gr=&b=&x=&z=&mnd=&mxd=&hid=&p=9&sidx=race_date&dir=1,https://keiba.yahoo.co.jp/race/result/1809010105/,2018/2/24
9,1809010106,http://keiba.yahoo.co.jp/search/race/?sy=2018&sm=2&ey=2018&em=2&gr=&b=&x=&z=&mnd=&mxd=&hid=&p=9&sidx=race_date&dir=1,https://keiba.yahoo.co.jp/race/result/1809010106/,2018/2/24
9,1809010107,http://keiba.yahoo.co.jp/search/race/?sy=2018&sm=2&ey=2018&em=2&gr=&b=&x=&z=&mnd=&mxd=&hid=&p=9&sidx=race_date&dir=1,https://keiba.yahoo.co.jp/race/result/1809010107/,2018/2/24
9,1809010108,http://keiba.yahoo.co.jp/search/race/?sy=2018&sm=2&ey=2018&em=2&gr=&b=&x=&z=&mnd=&mxd=&hid=&p=9&sidx=race_date&dir=1,https://keiba.yahoo.co.jp/race/result/1809010108/,2018/2/24
9,1809010109,http://keiba.yahoo.co.jp/search/race/?sy=2018&sm=2&ey=2018&em=2&gr=&b=&x=&z=&mnd=&mxd=&hid=&p=9&sidx=race_date&dir=1,https://keiba.yahoo.co.jp/race/result/1809010109/,2018/2/24
9,1809010110,http://keiba.yahoo.co.jp/search/race/?sy=2018&sm=2&ey=2018&em=2&gr=&b=&x=&z=&mnd=&mxd=&hid=&p=9&sidx=race_date&dir=1,https://keiba.yahoo.co.jp/race/result/1809010110/,2018/2/24
9,1809010111,http://keiba.yahoo.co.jp/search/race/?sy=2018&sm=2&ey=2018&em=2&gr=&b=&x=&z=&mnd=&mxd=&hid=&p=9&sidx=race_date&dir=1,https://keiba.yahoo.co.jp/race/result/1809010111/,2018/2/24
9,1809010112,http://keiba.yahoo.co.jp/search/race/?sy=2018&sm=2&ey=2018&em=2&gr=&b=&x=&z=&mnd=&mxd=&hid=&p=9&sidx=race_date&dir=1,https://keiba.yahoo.co.jp/race/result/1809010112/,2018/2/24
9,1810010501,http://keiba.yahoo.co.jp/search/race/?sy=2018&sm=2&ey=2018&em=2&gr=&b=&x=&z=&mnd=&mxd=&hid=&p=9&sidx=race_date&dir=1,https://keiba.yahoo.co.jp/race/result/1810010501/,2018/2/24
9,1810010502,http://keiba.yahoo.co.jp/search/race/?sy=2018&sm=2&ey=2018&em=2&gr=&b=&x=&z=&mnd=&mxd=&hid=&p=9&sidx=race_date&dir=1,https://keiba.yahoo.co.jp/race/result/1810010502/,2018/2/24
9,1810010503,http://keiba.yahoo.co.jp/search/race/?sy=2018&sm=2&ey=2018&em=2&gr=&b=&x=&z=&mnd=&mxd=&hid=&p=9&sidx=race_date&dir=1,https://keiba.yahoo.co.jp/race/result/1810010503/,2018/2/24
9,1810010504,http://keiba.yahoo.co.jp/search/race/?sy=2018&sm=2&ey=2018&em=2&gr=&b=&x=&z=&mnd=&mxd=&hid=&p=9&sidx=race_date&dir=1,https://keiba.yahoo.co.jp/race/result/1810010504/,2018/2/24
9,1810010505,http://keiba.yahoo.co.jp/search/race/?sy=2018&sm=2&ey=2018&em=2&gr=&b=&x=&z=&mnd=&mxd=&hid=&p=9&sidx=race_date&dir=1,https://keiba.yahoo.co.jp/race/result/1810010505/,2018/2/24
9,1810010506,http://keiba.yahoo.co.jp/search/race/?sy=2018&sm=2&ey=2018&em=2&gr=&b=&x=&z=&mnd=&mxd=&hid=&p=9&sidx=race_date&dir=1,https://keiba.yahoo.co.jp/race/result/1810010506/,2018/2/24
9,1810010507,http://keiba.yahoo.co.jp/search/race/?sy=2018&sm=2&ey=2018&em=2&gr=&b=&x=&z=&mnd=&mxd=&hid=&p=9&sidx=race_date&dir=1,https://keiba.yahoo.co.jp/race/result/1810010507/,2018/2/24
9,1810010508,http://keiba.yahoo.co.jp/search/race/?sy=2018&sm=2&ey=2018&em=2&gr=&b=&x=&z=&mnd=&mxd=&hid=&p=9&sidx=race_date&dir=1,https://keiba.yahoo.co.jp/race/result/1810010508/,2018/2/24
9,1810010509,http://keiba.yahoo.co.jp/search/race/?sy=2018&sm=2&ey=2018&em=2&gr=&b=&x=&z=&mnd=&mxd=&hid=&p=9&sidx=race_date&dir=1,https://keiba.yahoo.co.jp/race/result/1810010509/,2018/2/24
10,1810010510,http://keiba.yahoo.co.jp/search/race/?sy=2018&sm=2&ey=2018&em=2&gr=&b=&x=&z=&mnd=&mxd=&hid=&p=10&sidx=race_date&dir=1,https://keiba.yahoo.co.jp/race/result/1810010510/,2018/2/24
10,1810010511,http://keiba.yahoo.co.jp/search/race/?sy=2018&sm=2&ey=2018&em=2&gr=&b=&x=&z=&mnd=&mxd=&hid=&p=10&sidx=race_date&dir=1,https://keiba.yahoo.co.jp/race/result/1810010511/,2018/2/24
10,1810010512,http://keiba.yahoo.co.jp/search/race/?sy=2018&sm=2&ey=2018&em=2&gr=&b=&x=&z=&mnd=&mxd=&hid=&p=10&sidx=race_date&dir=1,https://keiba.yahoo.co.jp/race/result/1810010512/,2018/2/24
10,1806020201,http://keiba.yahoo.co.jp/search/race/?sy=2018&sm=2&ey=2018&em=2&gr=&b=&x=&z=&mnd=&mxd=&hid=&p=10&sidx=race_date&dir=1,https://keiba.yahoo.co.jp/race/result/1806020201/,2018/2/25
10,1806020202,http://keiba.yahoo.co.jp/search/race/?sy=2018&sm=2&ey=2018&em=2&gr=&b=&x=&z=&mnd=&mxd=&hid=&p=10&sidx=race_date&dir=1,https://keiba.yahoo.co.jp/race/result/1806020202/,2018/2/25
10,1806020203,http://keiba.yahoo.co.jp/search/race/?sy=2018&sm=2&ey=2018&em=2&gr=&b=&x=&z=&mnd=&mxd=&hid=&p=10&sidx=race_date&dir=1,https://keiba.yahoo.co.jp/race/result/1806020203/,2018/2/25
10,1806020204,http://keiba.yahoo.co.jp/search/race/?sy=2018&sm=2&ey=2018&em=2&gr=&b=&x=&z=&mnd=&mxd=&hid=&p=10&sidx=race_date&dir=1,https://keiba.yahoo.co.jp/race/result/1806020204/,2018/2/25
10,1806020205,http://keiba.yahoo.co.jp/search/race/?sy=2018&sm=2&ey=2018&em=2&gr=&b=&x=&z=&mnd=&mxd=&hid=&p=10&sidx=race_date&dir=1,https://keiba.yahoo.co.jp/race/result/1806020205/,2018/2/25
10,1806020206,http://keiba.yahoo.co.jp/search/race/?sy=2018&sm=2&ey=2018&em=2&gr=&b=&x=&z=&mnd=&mxd=&hid=&p=10&sidx=race_date&dir=1,https://keiba.yahoo.co.jp/race/result/1806020206/,2018/2/25
10,1806020207,http://keiba.yahoo.co.jp/search/race/?sy=2018&sm=2&ey=2018&em=2&gr=&b=&x=&z=&mnd=&mxd=&hid=&p=10&sidx=race_date&dir=1,https://keiba.yahoo.co.jp/race/result/1806020207/,2018/2/25
10,1806020208,http://keiba.yahoo.co.jp/search/race/?sy=2018&sm=2&ey=2018&em=2&gr=&b=&x=&z=&mnd=&mxd=&hid=&p=10&sidx=race_date&dir=1,https://keiba.yahoo.co.jp/race/result/1806020208/,2018/2/25
10,1806020209,http://keiba.yahoo.co.jp/search/race/?sy=2018&sm=2&ey=2018&em=2&gr=&b=&x=&z=&mnd=&mxd=&hid=&p=10&sidx=race_date&dir=1,https://keiba.yahoo.co.jp/race/result/1806020209/,2018/2/25
10,1806020210,http://keiba.yahoo.co.jp/search/race/?sy=2018&sm=2&ey=2018&em=2&gr=&b=&x=&z=&mnd=&mxd=&hid=&p=10&sidx=race_date&dir=1,https://keiba.yahoo.co.jp/race/result/1806020210/,2018/2/25
10,1806020211,http://keiba.yahoo.co.jp/search/race/?sy=2018&sm=2&ey=2018&em=2&gr=&b=&x=&z=&mnd=&mxd=&hid=&p=10&sidx=race_date&dir=1,https://keiba.yahoo.co.jp/race/result/1806020211/,2018/2/25
10,1806020212,http://keiba.yahoo.co.jp/search/race/?sy=2018&sm=2&ey=2018&em=2&gr=&b=&x=&z=&mnd=&mxd=&hid=&p=10&sidx=race_date&dir=1,https://keiba.yahoo.co.jp/race/result/1806020212/,2018/2/25
10,1809010201,http://keiba.yahoo.co.jp/search/race/?sy=2018&sm=2&ey=2018&em=2&gr=&b=&x=&z=&mnd=&mxd=&hid=&p=10&sidx=race_date&dir=1,https://keiba.yahoo.co.jp/race/result/1809010201/,2018/2/25
10,1809010202,http://keiba.yahoo.co.jp/search/race/?sy=2018&sm=2&ey=2018&em=2&gr=&b=&x=&z=&mnd=&mxd=&hid=&p=10&sidx=race_date&dir=1,https://keiba.yahoo.co.jp/race/result/1809010202/,2018/2/25
10,1809010203,http://keiba.yahoo.co.jp/search/race/?sy=2018&sm=2&ey=2018&em=2&gr=&b=&x=&z=&mnd=&mxd=&hid=&p=10&sidx=race_date&dir=1,https://keiba.yahoo.co.jp/race/result/1809010203/,2018/2/25
10,1809010204,http://keiba.yahoo.co.jp/search/race/?sy=2018&sm=2&ey=2018&em=2&gr=&b=&x=&z=&mnd=&mxd=&hid=&p=10&sidx=race_date&dir=1,https://keiba.yahoo.co.jp/race/result/1809010204/,2018/2/25
10,1809010205,http://keiba.yahoo.co.jp/search/race/?sy=2018&sm=2&ey=2018&em=2&gr=&b=&x=&z=&mnd=&mxd=&hid=&p=10&sidx=race_date&dir=1,https://keiba.yahoo.co.jp/race/result/1809010205/,2018/2/25
10,1809010206,http://keiba.yahoo.co.jp/search/race/?sy=2018&sm=2&ey=2018&em=2&gr=&b=&x=&z=&mnd=&mxd=&hid=&p=10&sidx=race_date&dir=1,https://keiba.yahoo.co.jp/race/result/1809010206/,2018/2/25
10,1809010207,http://keiba.yahoo.co.jp/search/race/?sy=2018&sm=2&ey=2018&em=2&gr=&b=&x=&z=&mnd=&mxd=&hid=&p=10&sidx=race_date&dir=1,https://keiba.yahoo.co.jp/race/result/1809010207/,2018/2/25
10,1809010208,http://keiba.yahoo.co.jp/search/race/?sy=2018&sm=2&ey=2018&em=2&gr=&b=&x=&z=&mnd=&mxd=&hid=&p=10&sidx=race_date&dir=1,https://keiba.yahoo.co.jp/race/result/1809010208/,2018/2/25
10,1809010209,http://keiba.yahoo.co.jp/search/race/?sy=2018&sm=2&ey=2018&em=2&gr=&b=&x=&z=&mnd=&mxd=&hid=&p=10&sidx=race_date&dir=1,https://keiba.yahoo.co.jp/race/result/1809010209/,2018/2/25
10,1809010210,http://keiba.yahoo.co.jp/search/race/?sy=2018&sm=2&ey=2018&em=2&gr=&b=&x=&z=&mnd=&mxd=&hid=&p=10&sidx=race_date&dir=1,https://keiba.yahoo.co.jp/race/result/1809010210/,2018/2/25
11,1809010211,http://keiba.yahoo.co.jp/search/race/?sy=2018&sm=2&ey=2018&em=2&gr=&b=&x=&z=&mnd=&mxd=&hid=&p=11&sidx=race_date&dir=1,https://keiba.yahoo.co.jp/race/result/1809010211/,2018/2/25
11,1809010212,http://keiba.yahoo.co.jp/search/race/?sy=2018&sm=2&ey=2018&em=2&gr=&b=&x=&z=&mnd=&mxd=&hid=&p=11&sidx=race_date&dir=1,https://keiba.yahoo.co.jp/race/result/1809010212/,2018/2/25
11,1810010601,http://keiba.yahoo.co.jp/search/race/?sy=2018&sm=2&ey=2018&em=2&gr=&b=&x=&z=&mnd=&mxd=&hid=&p=11&sidx=race_date&dir=1,https://keiba.yahoo.co.jp/race/result/1810010601/,2018/2/25
11,1810010602,http://keiba.yahoo.co.jp/search/race/?sy=2018&sm=2&ey=2018&em=2&gr=&b=&x=&z=&mnd=&mxd=&hid=&p=11&sidx=race_date&dir=1,https://keiba.yahoo.co.jp/race/result/1810010602/,2018/2/25
11,1810010603,http://keiba.yahoo.co.jp/search/race/?sy=2018&sm=2&ey=2018&em=2&gr=&b=&x=&z=&mnd=&mxd=&hid=&p=11&sidx=race_date&dir=1,https://keiba.yahoo.co.jp/race/result/1810010603/,2018/2/25
11,1810010604,http://keiba.yahoo.co.jp/search/race/?sy=2018&sm=2&ey=2018&em=2&gr=&b=&x=&z=&mnd=&mxd=&hid=&p=11&sidx=race_date&dir=1,https://keiba.yahoo.co.jp/race/result/1810010604/,2018/2/25
11,1810010605,http://keiba.yahoo.co.jp/search/race/?sy=2018&sm=2&ey=2018&em=2&gr=&b=&x=&z=&mnd=&mxd=&hid=&p=11&sidx=race_date&dir=1,https://keiba.yahoo.co.jp/race/result/1810010605/,2018/2/25
11,1810010606,http://keiba.yahoo.co.jp/search/race/?sy=2018&sm=2&ey=2018&em=2&gr=&b=&x=&z=&mnd=&mxd=&hid=&p=11&sidx=race_date&dir=1,https://keiba.yahoo.co.jp/race/result/1810010606/,2018/2/25
11,1810010607,http://keiba.yahoo.co.jp/search/race/?sy=2018&sm=2&ey=2018&em=2&gr=&b=&x=&z=&mnd=&mxd=&hid=&p=11&sidx=race_date&dir=1,https://keiba.yahoo.co.jp/race/result/1810010607/,2018/2/25
11,1810010608,http://keiba.yahoo.co.jp/search/race/?sy=2018&sm=2&ey=2018&em=2&gr=&b=&x=&z=&mnd=&mxd=&hid=&p=11&sidx=race_date&dir=1,https://keiba.yahoo.co.jp/race/result/1810010608/,2018/2/25
11,1810010609,http://keiba.yahoo.co.jp/search/race/?sy=2018&sm=2&ey=2018&em=2&gr=&b=&x=&z=&mnd=&mxd=&hid=&p=11&sidx=race_date&dir=1,https://keiba.yahoo.co.jp/race/result/1810010609/,2018/2/25
11,1810010610,http://keiba.yahoo.co.jp/search/race/?sy=2018&sm=2&ey=2018&em=2&gr=&b=&x=&z=&mnd=&mxd=&hid=&p=11&sidx=race_date&dir=1,https://keiba.yahoo.co.jp/race/result/1810010610/,2018/2/25
11,1810010611,http://keiba.yahoo.co.jp/search/race/?sy=2018&sm=2&ey=2018&em=2&gr=&b=&x=&z=&mnd=&mxd=&hid=&p=11&sidx=race_date&dir=1,https://keiba.yahoo.co.jp/race/result/1810010611/,2018/2/25
11,1810010612,http://keiba.yahoo.co.jp/search/race/?sy=2018&sm=2&ey=2018&em=2&gr=&b=&x=&z=&mnd=&mxd=&hid=&p=11&sidx=race_date&dir=1,https://keiba.yahoo.co.jp/race/result/1810010612/,2018/2/25
